id,first_name,last_name,email,gender,ip_address
1,Sadie,Mockford,smockford0@unicef.org,Female,151.118.18.34
2,Ragnar,Blazejewski,rblazejewski1@eventbrite.com,Male,159.152.52.4
3,Any,Phuprate,aphuprate2@rediff.com,Male,62.164.199.147
4,Sandy,Rawe,srawe3@geocities.jp,Male,184.215.223.13
5,Ewart,Reoch,ereoch4@engadget.com,Male,217.73.186.16
6,Stafford,Pentlow,spentlow5@nydailynews.com,Male,24.29.218.49
7,Aidan,Lansley,alansley6@ehow.com,Female,220.63.116.143
8,Federico,Seeger,fseeger7@163.com,Male,41.175.9.167
9,Caryl,Rojas,crojas8@washington.edu,Male,50.46.23.189
10,Kaycee,Guys,kguys9@fema.gov,Female,96.89.81.70
11,Aubrie,Ollin,aollina@buzzfeed.com,Female,39.226.105.41
12,Latrena,Chelsom,lchelsomb@stumbleupon.com,Female,240.164.213.233
13,Hallie,Simpkins,hsimpkinsc@fema.gov,Female,251.41.84.165
14,Melessa,Wellen,mwellend@etsy.com,Female,223.30.34.171
15,Erich,Brotherick,ebrothericke@yandex.ru,Male,22.236.142.43
16,Germain,Garter,ggarterf@cloudflare.com,Male,202.126.4.133
17,Nalani,Wylam,nwylamg@mashable.com,Female,110.182.10.68
18,Sully,Delacourt,sdelacourth@nba.com,Male,50.151.243.202
19,Dannie,Smardon,dsmardoni@pcworld.com,Male,175.0.124.113
20,Arlin,Truder,atruderj@yahoo.com,Male,65.251.165.188
21,Marcel,Maultby,mmaultbyk@imdb.com,Male,123.105.242.244
22,Christie,Iori,cioril@skype.com,Female,171.245.70.57
23,Standford,Sappy,ssappym@phoca.cz,Male,13.77.120.38
24,Brew,Archibald,barchibaldn@a8.net,Male,206.17.21.252
25,King,Phillpot,kphillpoto@reuters.com,Male,94.97.42.28
26,Birch,Iapico,biapicop@umich.edu,Male,165.116.255.66
27,Elton,Middlebrook,emiddlebrookq@mail.ru,Male,18.154.246.223
28,Wilden,Crisell,wcrisellr@dedecms.com,Male,144.232.211.240
29,Reina,Antonias,rantoniass@nydailynews.com,Female,116.221.44.86
30,Celestine,Brendeke,cbrendeket@netlog.com,Female,135.183.39.10
31,Mayne,Newlands,mnewlandsu@msu.edu,Male,30.52.188.152
32,Gregg,Chudleigh,gchudleighv@mapy.cz,Male,158.223.169.75
33,Osbourne,McGraith,omcgraithw@intel.com,Male,253.200.214.114
34,Gillan,Frear,gfrearx@sohu.com,Female,206.247.176.75
35,Erminia,Bowle,ebowley@ca.gov,Female,255.51.32.205
36,Vania,Parton,vpartonz@google.com.br,Female,118.210.10.205
37,Jackie,Grabham,jgrabham10@tripadvisor.com,Female,209.161.248.31
38,Joanne,Marchbank,jmarchbank11@example.com,Female,183.6.222.56
39,Darcie,Wightman,dwightman12@virginia.edu,Female,45.241.250.146
40,Lynelle,Slowgrove,lslowgrove13@nps.gov,Female,241.183.249.202
41,Veda,Piel,vpiel14@deliciousdays.com,Female,208.133.40.78
42,Delphine,Drohane,ddrohane15@sphinn.com,Female,179.23.145.249
43,Eduard,Taaffe,etaaffe16@networkadvertising.org,Male,147.113.3.93
44,Alisun,Sommer,asommer17@mit.edu,Female,153.74.30.196
45,Linet,Casbourne,lcasbourne18@cbslocal.com,Female,16.111.176.163
46,Ann,Blackburne,ablackburne19@buzzfeed.com,Female,208.131.168.241
47,Iggy,Gilardengo,igilardengo1a@flickr.com,Male,93.151.154.197
48,Duffy,Andreacci,dandreacci1b@canalblog.com,Male,33.28.229.129
49,Celisse,Brabban,cbrabban1c@goodreads.com,Female,124.106.73.24
50,Kelwin,Whebell,kwhebell1d@mysql.com,Male,145.255.26.240
51,Bald,Holcroft,bholcroft1e@yale.edu,Male,227.245.183.68
52,Anatol,Kidd,akidd1f@upenn.edu,Male,126.34.26.45
53,Vinita,Bramich,vbramich1g@tuttocitta.it,Female,186.97.198.215
54,Melania,Laterza,mlaterza1h@tinyurl.com,Female,240.240.171.79
55,Ivonne,Levens,ilevens1i@jigsy.com,Female,19.78.6.54
56,Lawrence,Duxfield,lduxfield1j@yellowbook.com,Male,100.69.15.48
57,Mae,MacGiolla,mmacgiolla1k@nymag.com,Female,250.183.45.63
58,Raffaello,Pearcey,rpearcey1l@independent.co.uk,Male,133.66.165.221
59,Sylas,Egger,segger1m@live.com,Male,50.88.216.223
60,Israel,Kenneford,ikenneford1n@desdev.cn,Male,103.183.74.208
61,Alano,St. Pierre,astpierre1o@netscape.com,Male,117.224.138.130
62,Louise,Blaes,lblaes1p@skyrock.com,Female,236.88.186.226
63,Edd,Boise,eboise1q@techcrunch.com,Male,166.175.45.164
64,Cori,Alabastar,calabastar1r@google.co.uk,Female,42.74.154.38
65,Edan,Noonan,enoonan1s@github.com,Male,183.91.16.181
66,Gale,Bisseker,gbisseker1t@github.io,Female,43.74.135.57
67,Read,Vowell,rvowell1u@pcworld.com,Male,153.211.211.169
68,Vivien,Mussilli,vmussilli1v@phoca.cz,Female,7.82.251.78
69,Katherine,Lehrer,klehrer1w@dropbox.com,Female,199.114.28.24
70,Ingra,Klesse,iklesse1x@w3.org,Male,159.255.91.150
71,Corene,Sword,csword1y@sciencedaily.com,Female,240.240.27.248
72,Willamina,Vieyra,wvieyra1z@army.mil,Female,15.134.136.99
73,Gaven,Toppas,gtoppas20@wiley.com,Male,131.97.227.196
74,Jessika,Hallut,jhallut21@woothemes.com,Female,154.253.128.3
75,Frieda,Deshorts,fdeshorts22@stumbleupon.com,Female,198.112.222.94
76,Bryce,Wissby,bwissby23@tiny.cc,Male,111.182.225.101
77,Jack,Stitle,jstitle24@nyu.edu,Male,50.5.46.162
78,Justinian,Stainson,jstainson25@accuweather.com,Male,172.254.111.51
79,Iris,Coit,icoit26@sbwire.com,Female,241.92.9.82
80,Marcos,Magee,mmagee27@deliciousdays.com,Male,108.112.37.58
81,Templeton,Clementucci,tclementucci28@simplemachines.org,Male,192.162.200.148
82,Paquito,Witherington,pwitherington29@yolasite.com,Male,85.37.49.78
83,Mead,Gerg,mgerg2a@studiopress.com,Male,0.139.226.7
84,Eleni,Sibary,esibary2b@xrea.com,Female,25.84.190.160
85,Maximilian,Leamy,mleamy2c@apache.org,Male,139.190.58.185
86,Cassandre,Hub,chub2d@stanford.edu,Female,218.222.111.238
87,Gustaf,Larner,glarner2e@cdc.gov,Male,210.170.180.85
88,Katey,Girardi,kgirardi2f@edublogs.org,Female,23.182.26.8
89,Hyman,Grabham,hgrabham2g@i2i.jp,Male,34.85.14.227
90,Ashlie,McIlherran,amcilherran2h@smugmug.com,Female,135.195.106.56
91,Liza,Lindro,llindro2i@studiopress.com,Female,51.129.123.28
92,Glenden,Colombier,gcolombier2j@google.ru,Male,96.56.74.241
93,Jobey,Andrei,jandrei2k@ft.com,Female,105.62.226.234
94,Ivie,Joselovitch,ijoselovitch2l@slideshare.net,Female,121.247.173.93
95,Wyatan,Haggus,whaggus2m@apple.com,Male,33.112.96.237
96,Annmaria,Earngy,aearngy2n@yellowpages.com,Female,90.53.93.248
97,Hilda,Blemen,hblemen2o@smh.com.au,Female,149.129.80.169
98,Evvy,Meekings,emeekings2p@bing.com,Female,17.198.95.175
99,Selia,Bishop,sbishop2q@mac.com,Female,9.105.244.173
100,Ardene,MacGuffog,amacguffog2r@howstuffworks.com,Female,227.23.196.117
101,Andriana,Mager,amager2s@sphinn.com,Female,46.3.141.142
102,Nelson,Carrick,ncarrick2t@ask.com,Male,43.181.32.55
103,Ennis,Andrichak,eandrichak2u@shareasale.com,Male,199.160.216.76
104,Onofredo,Trathan,otrathan2v@squidoo.com,Male,167.126.222.104
105,Tom,Caesmans,tcaesmans2w@meetup.com,Male,135.60.89.22
106,Martica,Memmory,mmemmory2x@china.com.cn,Female,190.201.44.166
107,Elmo,Abells,eabells2y@networkadvertising.org,Male,96.231.219.143
108,Nikki,Pomphrett,npomphrett2z@meetup.com,Female,26.222.150.250
109,Sacha,Frearson,sfrearson30@samsung.com,Female,167.136.136.178
110,Danell,Harold,dharold31@freewebs.com,Female,26.200.133.100
111,Torre,Kording,tkording32@squarespace.com,Male,26.155.196.157
112,Stephani,Northage,snorthage33@devhub.com,Female,72.128.142.11
113,Kipp,Blanning,kblanning34@archive.org,Female,206.31.202.113
114,Tammy,Scotney,tscotney35@apple.com,Male,252.220.35.8
115,Rodi,Aizlewood,raizlewood36@homestead.com,Female,2.223.22.90
116,Artemis,Winchurch,awinchurch37@netvibes.com,Male,68.217.210.147
117,Rriocard,Ventom,rventom38@wsj.com,Male,18.118.8.132
118,Glenna,Burberye,gburberye39@skyrock.com,Female,175.237.249.93
119,Parsifal,M'Barron,pmbarron3a@diigo.com,Male,43.107.246.56
120,Lana,Pavelin,lpavelin3b@scientificamerican.com,Female,204.181.219.96
121,Zebedee,Yorath,zyorath3c@yellowpages.com,Male,44.186.87.115
122,Tiebout,Adelberg,tadelberg3d@marketwatch.com,Male,169.143.235.206
123,Jeremias,Rate,jrate3e@fda.gov,Male,31.121.84.35
124,Selene,Chasemoore,schasemoore3f@who.int,Female,1.133.177.242
125,Fancie,Clayborn,fclayborn3g@ask.com,Female,34.120.10.131
126,Petrina,Lamming,plamming3h@un.org,Female,4.95.167.124
127,Bruce,Redon,bredon3i@narod.ru,Male,33.88.0.207
128,Donna,Orme,dorme3j@instagram.com,Female,159.149.32.223
129,Jerrome,Dericot,jdericot3k@prweb.com,Male,223.26.79.115
130,Raynard,Burrows,rburrows3l@biglobe.ne.jp,Male,192.28.11.177
131,Nickie,Lickorish,nlickorish3m@admin.ch,Female,187.55.112.38
132,Stafford,Roseburgh,sroseburgh3n@bbc.co.uk,Male,251.114.28.107
133,Dory,Muddimer,dmuddimer3o@friendfeed.com,Female,236.72.36.234
134,Zach,Cookman,zcookman3p@t-online.de,Male,136.149.51.202
135,Elyn,Mercy,emercy3q@dailymail.co.uk,Female,3.98.68.165
136,Hanson,Otham,hotham3r@cyberchimps.com,Male,186.82.211.156
137,Angus,Klasing,aklasing3s@cdbaby.com,Male,105.137.51.177
138,Mikol,Trenoweth,mtrenoweth3t@mozilla.com,Male,48.216.53.161
139,Davida,Sindell,dsindell3u@goodreads.com,Female,79.79.4.100
140,Lucina,O'Duane,loduane3v@barnesandnoble.com,Female,84.192.229.88
141,Nelson,Diggle,ndiggle3w@digg.com,Male,58.217.63.249
142,Bondie,Collacombe,bcollacombe3x@sfgate.com,Male,30.233.81.194
143,Cazzie,Carlill,ccarlill3y@etsy.com,Male,191.121.92.10
144,Marcel,Sibbet,msibbet3z@so-net.ne.jp,Male,140.116.89.113
145,Rudolph,Murrhardt,rmurrhardt40@goodreads.com,Male,181.115.137.255
146,Drugi,Bradborne,dbradborne41@shinystat.com,Male,92.66.8.154
147,Rock,Castilljo,rcastilljo42@example.com,Male,193.215.33.145
148,Maisie,Steers,msteers43@boston.com,Female,235.140.27.218
149,Ramon,Kirkbright,rkirkbright44@apache.org,Male,60.171.76.86
150,Jonie,Francois,jfrancois45@free.fr,Female,227.246.48.68
151,Elfreda,Collomosse,ecollomosse46@creativecommons.org,Female,209.226.69.121
152,Polly,Wrankling,pwrankling47@biglobe.ne.jp,Female,88.196.35.119
153,Addy,Di Carli,adicarli48@cbsnews.com,Male,150.135.33.168
154,Trev,Kirley,tkirley49@epa.gov,Male,100.141.166.112
155,Elane,Grossman,egrossman4a@acquirethisname.com,Female,60.41.124.109
156,Fitzgerald,Stoad,fstoad4b@pen.io,Male,83.140.40.10
157,Ottilie,Cammell,ocammell4c@deviantart.com,Female,9.230.113.8
158,Bord,Geck,bgeck4d@nasa.gov,Male,54.173.103.144
159,Mellicent,Mudie,mmudie4e@noaa.gov,Female,155.147.71.162
160,Inglebert,O'Heagertie,ioheagertie4f@pagesperso-orange.fr,Male,94.101.253.23
161,Bondy,Kalberer,bkalberer4g@loc.gov,Male,234.184.214.5
162,Edgar,Doddridge,edoddridge4h@jugem.jp,Male,28.74.73.37
163,Kalil,Smees,ksmees4i@amazon.co.uk,Male,236.245.253.120
164,Meghann,Stoyell,mstoyell4j@eepurl.com,Female,220.153.238.84
165,Tobye,Boays,tboays4k@mlb.com,Female,92.130.65.4
166,Eugene,Forrester,eforrester4l@exblog.jp,Male,218.41.185.7
167,Weber,Wishart,wwishart4m@spotify.com,Male,238.38.28.84
168,Ogdon,Ianniello,oianniello4n@techcrunch.com,Male,78.28.171.181
169,Joshia,Harby,jharby4o@trellian.com,Male,21.211.116.239
170,Neilla,MacCart,nmaccart4p@apache.org,Female,202.4.15.36
171,Saunder,Easum,seasum4q@netvibes.com,Male,242.25.247.228
172,Lu,Needham,lneedham4r@marketwatch.com,Female,83.87.208.124
173,Dicky,De Gregario,ddegregario4s@ucla.edu,Male,17.92.250.19
174,Mallorie,Lott,mlott4t@redcross.org,Female,143.180.136.36
175,Elizabeth,Hebron,ehebron4u@opensource.org,Female,35.10.17.178
176,Cordula,Lembrick,clembrick4v@independent.co.uk,Female,147.95.180.93
177,Anny,Penna,apenna4w@indiatimes.com,Female,164.78.31.93
178,Patin,Cretney,pcretney4x@miitbeian.gov.cn,Male,41.214.72.58
179,Nikolas,Filipyev,nfilipyev4y@wunderground.com,Male,73.45.164.228
180,Harriot,Cruden,hcruden4z@huffingtonpost.com,Female,228.208.134.77
181,Dorelle,Budding,dbudding50@bloglines.com,Female,253.53.144.251
182,Shel,Madgewick,smadgewick51@berkeley.edu,Female,204.22.172.100
183,Priscilla,Karleman,pkarleman52@over-blog.com,Female,80.45.171.25
184,Alis,Loseby,aloseby53@utexas.edu,Female,59.149.156.176
185,Hugues,Searchfield,hsearchfield54@nationalgeographic.com,Male,155.183.200.18
186,Joelynn,Nemchinov,jnemchinov55@hostgator.com,Female,17.95.148.137
187,Artemis,Jardine,ajardine56@altervista.org,Male,150.107.162.157
188,Loutitia,Collymore,lcollymore57@cbslocal.com,Female,17.167.192.24
189,Fleurette,Massenhove,fmassenhove58@jugem.jp,Female,115.77.148.67
190,Alford,Cahey,acahey59@photobucket.com,Male,118.30.153.87
191,Lev,Boyet,lboyet5a@noaa.gov,Male,94.222.29.239
192,Bobette,Hadeke,bhadeke5b@dedecms.com,Female,251.194.53.169
193,Arluene,Meharg,ameharg5c@senate.gov,Female,136.129.209.191
194,Heidi,Beauchamp,hbeauchamp5d@myspace.com,Female,195.80.93.194
195,Tiffanie,McDarmid,tmcdarmid5e@japanpost.jp,Female,22.197.175.3
196,Andy,Jansky,ajansky5f@boston.com,Female,231.12.208.86
197,Morgan,Spoerl,mspoerl5g@woothemes.com,Female,99.231.83.217
198,Glenna,Iglesiaz,giglesiaz5h@wired.com,Female,33.72.24.103
199,Benyamin,Melmore,bmelmore5i@tmall.com,Male,26.23.255.188
200,Sheffield,Sirrell,ssirrell5j@sbwire.com,Male,194.134.27.104
201,Adelaida,Colley,acolley5k@nydailynews.com,Female,138.244.103.239
202,Jacky,Flucks,jflucks5l@vistaprint.com,Male,230.52.135.163
203,Deloris,Ruddick,druddick5m@google.es,Female,36.205.149.148
204,Fernando,Ventham,fventham5n@trellian.com,Male,165.80.181.145
205,Hilton,Meineck,hmeineck5o@cnet.com,Male,146.129.174.148
206,Gorden,Lee,glee5p@creativecommons.org,Male,95.112.229.116
207,Zia,Hayer,zhayer5q@com.com,Female,194.35.130.220
208,Emmalee,Tremellan,etremellan5r@icq.com,Female,119.189.172.193
209,Joeann,Hanaby,jhanaby5s@mtv.com,Female,224.241.49.217
210,Riki,Thacker,rthacker5t@purevolume.com,Female,71.173.160.49
211,Ardys,Cork,acork5u@howstuffworks.com,Female,125.40.52.165
212,Reinald,Silburn,rsilburn5v@jiathis.com,Male,72.137.164.192
213,Shara,Blunsen,sblunsen5w@dailymotion.com,Female,166.37.218.76
214,Hercule,Dysart,hdysart5x@ox.ac.uk,Male,13.217.65.81
215,Nate,Fonte,nfonte5y@twitpic.com,Male,0.94.106.157
216,Sibeal,Binner,sbinner5z@businessweek.com,Female,230.85.161.172
217,Rosy,Safhill,rsafhill60@reuters.com,Female,207.24.155.246
218,Sigismond,Iamittii,siamittii61@trellian.com,Male,30.30.211.152
219,Barnabas,Annion,bannion62@1und1.de,Male,7.225.173.92
220,Shayla,Pinks,spinks63@indiatimes.com,Female,59.153.220.67
221,Janey,Toseland,jtoseland64@census.gov,Female,72.43.156.17
222,Brett,Budd,bbudd65@issuu.com,Male,144.28.40.59
223,Karole,Le Cornu,klecornu66@berkeley.edu,Female,67.142.201.111
224,Camala,Mulqueeny,cmulqueeny67@archive.org,Female,176.231.209.238
225,Reagan,Leap,rleap68@time.com,Male,132.24.87.140
226,Ariana,Sepey,asepey69@sciencedaily.com,Female,145.189.134.10
227,Christabella,Laye,claye6a@canalblog.com,Female,110.63.51.59
228,Beckie,Donoghue,bdonoghue6b@baidu.com,Female,150.60.49.170
229,Ettie,Scamwell,escamwell6c@go.com,Female,247.25.111.166
230,Nicolette,Leddy,nleddy6d@mac.com,Female,164.70.126.238
231,Bjorn,Boggas,bboggas6e@wikipedia.org,Male,61.229.103.161
232,Starlin,Forbes,sforbes6f@sun.com,Female,91.133.196.56
233,Teddi,Redolfi,tredolfi6g@histats.com,Female,219.125.103.111
234,Hardy,Lissandre,hlissandre6h@cargocollective.com,Male,57.67.107.255
235,Rochella,Pittwood,rpittwood6i@ehow.com,Female,44.141.3.50
236,Titus,Verchambre,tverchambre6j@fastcompany.com,Male,22.102.211.54
237,Bartlett,Chmarny,bchmarny6k@discuz.net,Male,253.59.68.159
238,Gardener,Bentham3,gbentham6l@netlog.com,Male,63.247.155.54
239,Torey,Vyse,tvyse6m@icio.us,Female,39.59.185.80
240,Ulrica,Gillaspy,ugillaspy6n@abc.net.au,Female,64.56.119.120
241,Itch,Parkhouse,iparkhouse6o@umich.edu,Male,149.17.169.73
242,Zechariah,Foyston,zfoyston6p@mlb.com,Male,134.88.90.114
243,Erhard,Stangoe,estangoe6q@imageshack.us,Male,27.104.17.19
244,Irita,Killingworth,ikillingworth6r@shareasale.com,Female,237.196.139.21
245,Amii,Goby,agoby6s@people.com.cn,Female,70.136.50.99
246,Kalinda,Fisby,kfisby6t@printfriendly.com,Female,222.246.120.5
247,Ethelbert,Swindells,eswindells6u@lulu.com,Male,95.242.187.130
248,Laureen,Lippingwell,llippingwell6v@reference.com,Female,201.83.53.177
249,Gage,Durrett,gdurrett6w@patch.com,Male,240.222.251.2
250,Aubry,Pulham,apulham6x@fc2.com,Female,240.232.5.188
251,Silas,Lithcow,slithcow6y@kickstarter.com,Male,214.187.17.33
252,Sandye,Barnaby,sbarnaby6z@intel.com,Female,128.183.125.90
253,Jehu,Shayler,jshayler70@tripadvisor.com,Male,199.110.189.113
254,Bernelle,Wedon,bwedon71@spiegel.de,Female,126.92.254.97
255,Mandel,Dannel,mdannel72@zimbio.com,Male,227.243.92.155
256,Marrilee,Letertre,mletertre73@accuweather.com,Female,167.130.120.230
257,Fonz,Elphick,felphick74@imdb.com,Male,245.130.86.196
258,Padraic,Eixenberger,peixenberger75@opera.com,Male,146.243.231.18
259,Colline,China,cchina76@reddit.com,Female,200.205.46.120
260,Angel,McMichell,amcmichell77@microsoft.com,Female,78.124.183.14
261,Sophia,Mattholie,smattholie78@newsvine.com,Female,167.71.119.183
262,Anatol,Jukubczak,ajukubczak79@sogou.com,Male,152.19.3.118
263,Nicolais,Bowes,nbowes7a@shutterfly.com,Male,130.222.57.177
264,Yolane,Stainson,ystainson7b@theatlantic.com,Female,236.223.62.213
265,Terri-jo,Hawley,thawley7c@nifty.com,Female,144.192.29.102
266,Adria,Garrad,agarrad7d@apache.org,Female,198.255.73.182
267,Sasha,O'Loinn,soloinn7e@vk.com,Female,27.59.214.217
268,Ky,Samwyse,ksamwyse7f@upenn.edu,Male,26.107.138.90
269,Crawford,Kundert,ckundert7g@indiatimes.com,Male,219.153.25.205
270,Samuele,Tixall,stixall7h@accuweather.com,Male,31.13.254.211
271,Minerva,Yeates,myeates7i@yelp.com,Female,80.161.138.149
272,Simone,Ilyinykh,silyinykh7j@sohu.com,Male,202.79.39.73
273,Shaine,Sheekey,ssheekey7k@naver.com,Female,149.171.9.141
274,Demetri,Brearty,dbrearty7l@amazonaws.com,Male,40.185.100.41
275,Cornelia,Clemendot,cclemendot7m@meetup.com,Female,4.127.149.145
276,Farand,Tofpik,ftofpik7n@blogger.com,Female,9.205.247.11
277,Tallie,Rake,trake7o@paypal.com,Male,20.204.164.20
278,Lenore,Nobles,lnobles7p@yellowpages.com,Female,54.67.237.47
279,Hebert,McPhelimey,hmcphelimey7q@nbcnews.com,Male,87.67.208.242
280,Elmo,Rosenthal,erosenthal7r@senate.gov,Male,228.248.93.121
281,Kennett,Asprey,kasprey7s@patch.com,Male,15.113.156.73
282,Ailina,McLoughlin,amcloughlin7t@themeforest.net,Female,199.124.133.154
283,Sauncho,Aucott,saucott7u@baidu.com,Male,173.2.226.160
284,Nerte,Dean,ndean7v@liveinternet.ru,Female,188.173.138.67
285,Carmon,Sibthorp,csibthorp7w@telegraph.co.uk,Female,140.100.145.231
286,Kerianne,Yesipov,kyesipov7x@reverbnation.com,Female,39.24.106.92
287,Caro,Moy,cmoy7y@uol.com.br,Female,254.131.47.109
288,Ban,Northway,bnorthway7z@blog.com,Male,97.136.36.189
289,Raf,Clitherow,rclitherow80@squarespace.com,Female,57.132.16.42
290,Wendeline,Pryn,wpryn81@paypal.com,Female,148.163.233.197
291,Cornie,Stannard,cstannard82@toplist.cz,Male,119.210.131.43
292,Romona,Siemons,rsiemons83@joomla.org,Female,205.11.27.8
293,Gayel,Tomblett,gtomblett84@domainmarket.com,Female,230.161.206.209
294,Tammie,Ellit,tellit85@yahoo.co.jp,Male,27.1.170.7
295,Ulick,Knoble,uknoble86@biblegateway.com,Male,8.202.97.88
296,Kaiser,Ivey,kivey87@paypal.com,Male,98.115.192.193
297,Malorie,Bulward,mbulward88@chicagotribune.com,Female,94.251.170.213
298,Margy,Mehew,mmehew89@theatlantic.com,Female,174.208.236.110
299,Stewart,Pittam,spittam8a@admin.ch,Male,3.20.233.173
300,Lennard,Erswell,lerswell8b@indiegogo.com,Male,242.178.181.20
301,Joseito,Issakov,jissakov8c@sfgate.com,Male,253.171.88.182
302,Timmie,Hourican,thourican8d@ucoz.ru,Male,71.98.204.160
303,Gusella,Rawlingson,grawlingson8e@alexa.com,Female,150.197.71.85
304,Deeann,Lundbeck,dlundbeck8f@independent.co.uk,Female,84.205.162.139
305,Caralie,Pikett,cpikett8g@economist.com,Female,241.149.180.175
306,Enrichetta,Sickert,esickert8h@mapquest.com,Female,37.208.105.90
307,Liliane,Blanc,lblanc8i@apache.org,Female,56.55.179.104
308,Paule,Harbert,pharbert8j@yelp.com,Female,93.215.2.39
309,Pauletta,Bowkley,pbowkley8k@cornell.edu,Female,230.207.229.193
310,Leigh,Pinch,lpinch8l@dailymotion.com,Male,45.19.147.180
311,Caesar,Boschmann,cboschmann8m@bizjournals.com,Male,199.201.152.202
312,Mace,Janks,mjanks8n@technorati.com,Male,78.172.223.182
313,Kristal,Davet,kdavet8o@lycos.com,Female,53.228.138.106
314,Gabi,Marc,gmarc8p@fda.gov,Female,105.239.44.50
315,Mohandis,Hakonsen,mhakonsen8q@stanford.edu,Male,245.213.130.57
316,Kikelia,Chesters,kchesters8r@shinystat.com,Female,104.59.45.34
317,Mort,Aldhouse,maldhouse8s@wix.com,Male,135.69.49.82
318,Maurita,Lowndes,mlowndes8t@narod.ru,Female,171.103.116.224
319,Idalia,Dine-Hart,idinehart8u@springer.com,Female,122.124.79.83
320,Brody,Seefeldt,bseefeldt8v@pcworld.com,Male,69.146.91.192
321,Anstice,Arundale,aarundale8w@cam.ac.uk,Female,47.117.163.108
322,Betta,Purvey,bpurvey8x@cocolog-nifty.com,Female,116.77.86.64
323,Pyotr,Earthfield,pearthfield8y@youku.com,Male,108.232.132.61
324,Delmer,Vedeshkin,dvedeshkin8z@jiathis.com,Male,212.1.172.166
325,Frazier,Artharg,fartharg90@ameblo.jp,Male,227.247.115.106
326,Corine,Wurz,cwurz91@google.es,Female,62.47.22.232
327,Sheela,Fulger,sfulger92@booking.com,Female,207.66.98.79
328,Sallyann,Nation,snation93@fastcompany.com,Female,218.249.178.115
329,Borg,Steutly,bsteutly94@state.gov,Male,230.223.223.65
330,Porty,McVittie,pmcvittie95@techcrunch.com,Male,39.34.81.210
331,Constantine,Cokly,ccokly96@sourceforge.net,Female,63.121.168.57
332,Henri,Clutterham,hclutterham97@stumbleupon.com,Male,147.180.15.12
333,Gigi,Wilkennson,gwilkennson98@miibeian.gov.cn,Female,33.247.6.112
334,Toddy,Duigenan,tduigenan99@quantcast.com,Male,49.30.222.250
335,Kali,Byford,kbyford9a@cbslocal.com,Female,219.221.172.244
336,Cinderella,Labden,clabden9b@wikipedia.org,Female,238.229.3.107
337,Elena,Van der Beek,evanderbeek9c@weather.com,Female,32.172.99.253
338,Klara,Boothe,kboothe9d@1688.com,Female,192.152.214.229
339,Carr,Myerscough,cmyerscough9e@devhub.com,Male,113.216.59.177
340,Garret,Ouldcott,gouldcott9f@arizona.edu,Male,136.113.87.230
341,Myrah,Mintram,mmintram9g@nytimes.com,Female,253.115.171.52
342,Lucho,Burger,lburger9h@gizmodo.com,Male,237.142.42.136
343,Oneida,Searsby,osearsby9i@rediff.com,Female,219.132.65.210
344,Harriet,Telfer,htelfer9j@virginia.edu,Female,239.146.92.202
345,Antons,Bernhardi,abernhardi9k@w3.org,Male,138.38.140.108
346,Pavlov,Odo,podo9l@technorati.com,Male,94.204.56.233
347,Pren,Boyle,pboyle9m@china.com.cn,Male,116.227.63.127
348,Brigid,Stanion,bstanion9n@sina.com.cn,Female,218.135.239.180
349,Grier,Darrach,gdarrach9o@a8.net,Female,121.174.59.119
350,Ugo,Womersley,uwomersley9p@army.mil,Male,47.8.54.22
351,Marquita,Ox,mox9q@smh.com.au,Female,208.3.168.182
352,Bonnie,Werndly,bwerndly9r@npr.org,Female,81.98.69.108
353,Miran,Dottridge,mdottridge9s@domainmarket.com,Female,230.96.38.189
354,Nancey,De Cruz,ndecruz9t@mtv.com,Female,202.75.188.116
355,Butch,Divina,bdivina9u@behance.net,Male,80.182.46.96
356,Roanne,Jagg,rjagg9v@xinhuanet.com,Female,149.129.93.157
357,Kristien,Castiblanco,kcastiblanco9w@wsj.com,Female,212.189.25.123
358,Cynthy,Van Der Weedenburg,cvanderweedenburg9x@sfgate.com,Female,196.213.36.119
359,Marshal,Southam,msoutham9y@so-net.ne.jp,Male,174.221.90.68
360,Bear,Mapstone,bmapstone9z@posterous.com,Male,52.61.234.150
361,Carolyn,Wellbank,cwellbanka0@dell.com,Female,101.79.171.136
362,Isacco,Goldwater,igoldwatera1@google.pl,Male,53.53.129.196
363,Stanislaus,Espinoy,sespinoya2@senate.gov,Male,242.46.60.246
364,Toni,Austick,tausticka3@loc.gov,Female,184.192.45.104
365,Concordia,Paoloni,cpaolonia4@bravesites.com,Female,150.160.98.7
366,Maurizio,Keady,mkeadya5@wsj.com,Male,124.88.43.126
367,Joelly,Lernihan,jlernihana6@dropbox.com,Female,211.80.13.234
368,Fallon,Brockington,fbrockingtona7@bizjournals.com,Female,242.212.49.134
369,Winny,Hanfrey,whanfreya8@cbsnews.com,Male,8.228.211.24
370,Adan,O'Halleghane,aohalleghanea9@bigcartel.com,Male,206.231.126.107
371,Welsh,Demicoli,wdemicoliaa@scientificamerican.com,Male,62.44.102.42
372,Keeley,Kinnard,kkinnardab@wunderground.com,Female,231.8.198.164
373,Hercule,Caley,hcaleyac@ihg.com,Male,213.69.47.67
374,Justis,Esbrook,jesbrookad@godaddy.com,Male,208.180.216.203
375,Glynn,De Angelis,gdeangelisae@technorati.com,Male,169.219.122.82
376,Ashley,Levinge,alevingeaf@mlb.com,Male,191.227.52.235
377,Erinn,Brabban,ebrabbanag@wisc.edu,Female,224.133.145.124
378,Elston,Tims,etimsah@vinaora.com,Male,78.137.238.97
379,Kevan,Iley,kileyai@merriam-webster.com,Male,212.199.16.236
380,Kent,Darkins,kdarkinsaj@sciencedirect.com,Male,18.255.16.89
381,Buddy,Frankham,bfrankhamak@slideshare.net,Male,222.41.210.255
382,Pattin,Peyntue,ppeyntueal@webs.com,Male,247.0.250.234
383,La verne,McNevin,lmcnevinam@webeden.co.uk,Female,16.247.244.178
384,Early,Guidelli,eguidellian@tripadvisor.com,Male,128.115.61.104
385,Ned,Sikorski,nsikorskiao@alibaba.com,Male,164.170.76.47
386,Mahmoud,McErlaine,mmcerlaineap@zimbio.com,Male,32.75.49.195
387,Tome,Torfin,ttorfinaq@linkedin.com,Male,72.104.122.60
388,Angelia,Jouanet,ajouanetar@51.la,Female,240.250.2.28
389,Garvin,Dalzell,gdalzellas@theguardian.com,Male,216.5.198.196
390,Reena,Torrance,rtorranceat@youtube.com,Female,184.156.20.34
391,Zonda,Sandells,zsandellsau@networkadvertising.org,Female,171.31.117.138
392,Pennie,Arnholdt,parnholdtav@thetimes.co.uk,Female,104.241.6.233
393,Gillian,Andreotti,gandreottiaw@ca.gov,Female,109.172.31.98
394,Timothy,Niven,tnivenax@diigo.com,Male,147.170.140.224
395,Arly,Mallabone,amallaboneay@simplemachines.org,Female,71.94.125.40
396,Karlens,Freschi,kfreschiaz@ustream.tv,Male,2.214.130.213
397,Goober,Chazotte,gchazotteb0@theglobeandmail.com,Male,77.20.187.128
398,Adey,Hymus,ahymusb1@hibu.com,Female,146.139.60.65
399,Malynda,Stoves,mstovesb2@zimbio.com,Female,124.155.219.68
400,Louie,Wolvey,lwolveyb3@qq.com,Male,171.130.1.198
401,Barr,Elrick,belrickb4@bloomberg.com,Male,105.196.109.134
402,Tammie,Penk,tpenkb5@amazon.de,Male,130.154.78.121
403,Rosabella,Battams,rbattamsb6@edublogs.org,Female,60.173.83.201
404,Henriette,Donhardt,hdonhardtb7@wunderground.com,Female,223.28.100.38
405,Dame,Silverlock,dsilverlockb8@google.ca,Male,216.39.157.157
406,Rose,Ridulfo,rridulfob9@unicef.org,Female,125.31.133.253
407,Wendi,Cisco,wciscoba@arstechnica.com,Female,109.138.101.70
408,Olga,Hauxwell,ohauxwellbb@ustream.tv,Female,194.98.225.0
409,Goldy,Froome,gfroomebc@utexas.edu,Female,72.139.62.177
410,Rahel,Portingale,rportingalebd@quantcast.com,Female,7.163.200.185
411,Dagmar,Tomaselli,dtomasellibe@reverbnation.com,Female,118.72.86.140
412,Ronny,Bowlands,rbowlandsbf@wiley.com,Female,66.31.227.63
413,Kellen,Gritskov,kgritskovbg@woothemes.com,Male,179.78.68.102
414,Meaghan,Allport,mallportbh@accuweather.com,Female,120.7.173.26
415,Rubia,Boffin,rboffinbi@si.edu,Female,238.232.110.178
416,Brendan,Lorens,blorensbj@github.com,Male,22.237.190.107
417,Isabel,Oakenfield,ioakenfieldbk@hhs.gov,Female,227.224.182.249
418,Murdoch,Coutthart,mcoutthartbl@disqus.com,Male,221.163.157.231
419,Irma,Daykin,idaykinbm@theatlantic.com,Female,116.212.48.154
420,Olwen,Kinningley,okinningleybn@g.co,Female,229.158.77.82
421,Timofei,Standell,tstandellbo@wiley.com,Male,239.95.167.245
422,Kristin,Forlong,kforlongbp@unesco.org,Female,167.232.140.212
423,Jedidiah,Brookson,jbrooksonbq@census.gov,Male,228.42.245.168
424,Diego,Cure,dcurebr@domainmarket.com,Male,147.249.1.65
425,Garfield,Lindgren,glindgrenbs@bravesites.com,Male,41.224.131.4
426,Carlin,Duckering,cduckeringbt@hostgator.com,Male,18.191.146.197
427,Willetta,Rumbold,wrumboldbu@ucsd.edu,Female,156.146.141.15
428,Grayce,Tyce,gtycebv@canalblog.com,Female,143.126.239.195
429,Levin,Bromwich,lbromwichbw@slashdot.org,Male,169.104.208.86
430,Charmaine,London,clondonbx@mediafire.com,Female,119.244.54.123
431,Jaymee,Eakley,jeakleyby@go.com,Female,23.112.162.58
432,Menard,Netting,mnettingbz@rambler.ru,Male,93.226.144.247
433,Nealon,Littefair,nlittefairc0@fda.gov,Male,213.46.43.99
434,Ada,Courtin,acourtinc1@bloomberg.com,Female,9.75.15.118
435,Giff,Weinham,gweinhamc2@npr.org,Male,139.166.123.16
436,Tris,Cuddehy,tcuddehyc3@sbwire.com,Male,126.53.248.226
437,Vanna,Cabera,vcaberac4@storify.com,Female,43.236.156.185
438,Fiorenze,Dyerson,fdyersonc5@marketwatch.com,Female,161.190.30.56
439,Brier,Mingotti,bmingottic6@chronoengine.com,Female,227.78.212.65
440,Carl,Kohlert,ckohlertc7@msn.com,Male,246.219.205.184
441,Giuseppe,Kitteridge,gkitteridgec8@purevolume.com,Male,152.57.227.162
442,Robby,Nuzzi,rnuzzic9@slideshare.net,Female,245.162.12.253
443,Maynord,MacGilfoyle,mmacgilfoyleca@smh.com.au,Male,233.36.211.123
444,Shannon,Wybern,swyberncb@ihg.com,Male,84.182.247.105
445,Jammal,Keneleyside,jkeneleysidecc@digg.com,Male,2.97.142.45
446,Ferd,Tudgay,ftudgaycd@wp.com,Male,203.132.72.27
447,Cathrin,Wordington,cwordingtonce@vk.com,Female,69.11.74.252
448,Cassy,Loseke,closekecf@zimbio.com,Female,162.100.173.162
449,Chad,Cleminshaw,ccleminshawcg@craigslist.org,Male,92.241.199.107
450,Penn,Castagne,pcastagnech@macromedia.com,Male,118.241.222.28
451,Bogart,Dellit,bdellitci@salon.com,Male,129.157.54.189
452,Emlynn,Halliday,ehallidaycj@wp.com,Female,83.161.52.27
453,Laughton,Canny,lcannyck@amazonaws.com,Male,206.179.63.85
454,Travis,Szach,tszachcl@surveymonkey.com,Male,55.77.71.36
455,Eamon,Colvine,ecolvinecm@admin.ch,Male,148.112.88.58
456,Antoni,Ilyenko,ailyenkocn@dion.ne.jp,Male,171.34.241.112
457,Orlan,Bernaciak,obernaciakco@typepad.com,Male,205.64.29.178
458,Wyatan,Hamsson,whamssoncp@yellowpages.com,Male,0.71.35.84
459,Joellen,Bradneck,jbradneckcq@google.com,Female,9.174.191.10
460,Berny,Marikhin,bmarikhincr@amazonaws.com,Male,203.155.214.202
461,Conan,McNaughton,cmcnaughtoncs@nih.gov,Male,16.45.107.169
462,Domenico,Gooding,dgoodingct@hatena.ne.jp,Male,52.254.244.147
463,Louisa,Osban,losbancu@friendfeed.com,Female,9.110.20.80
464,Claus,Krienke,ckrienkecv@craigslist.org,Male,85.10.237.187
465,Johnath,Costanza,jcostanzacw@shareasale.com,Female,85.53.30.65
466,Jackqueline,Kingswood,jkingswoodcx@homestead.com,Female,10.50.116.171
467,Angel,Mohun,amohuncy@technorati.com,Male,71.7.242.105
468,Yelena,Hansman,yhansmancz@ibm.com,Female,146.155.186.178
469,Aubine,Mackinder,amackinderd0@phpbb.com,Female,9.204.56.115
470,Neda,Hallahan,nhallahand1@opera.com,Female,78.225.26.80
471,Raff,Adne,radned2@cbc.ca,Male,100.89.241.203
472,Shelbi,Folliss,sfollissd3@nhs.uk,Female,235.41.200.239
473,Goraud,Furman,gfurmand4@soundcloud.com,Male,227.71.162.93
474,Niven,Rutland,nrutlandd5@360.cn,Male,38.164.131.131
475,Haven,Itter,hitterd6@printfriendly.com,Male,102.235.58.238
476,Meggie,McKerron,mmckerrond7@prlog.org,Female,124.185.55.66
477,Skip,Wyburn,swyburnd8@blogspot.com,Male,28.204.88.207
478,Odele,Sauven,osauvend9@networksolutions.com,Female,233.10.146.70
479,Javier,Sanchiz,jsanchizda@tripadvisor.com,Male,134.173.245.49
480,Ingram,Evans,ievansdb@ucoz.ru,Male,151.199.46.42
481,Wallis,Enston,wenstondc@wikimedia.org,Female,236.187.153.208
482,Robinet,Keeves,rkeevesdd@google.co.uk,Male,134.221.43.191
483,Georgine,Bannell,gbannellde@bloomberg.com,Female,124.93.241.211
484,Ddene,Coulman,dcoulmandf@imgur.com,Female,245.23.108.42
485,Mallorie,Tasker,mtaskerdg@nifty.com,Female,67.95.107.10
486,Ole,Hallmark,ohallmarkdh@quantcast.com,Male,212.245.74.113
487,Bob,Menego,bmenegodi@yahoo.com,Male,227.31.163.117
488,Hermon,Sopper,hsopperdj@hp.com,Male,111.59.160.35
489,Reid,Beagrie,rbeagriedk@pagesperso-orange.fr,Male,251.121.197.199
490,Malachi,Aleshintsev,maleshintsevdl@ucsd.edu,Male,250.31.240.192
491,Lek,McSweeney,lmcsweeneydm@ted.com,Male,5.46.119.144
492,Glynnis,Bourgaize,gbourgaizedn@japanpost.jp,Female,187.194.206.119
493,Hart,Handley,hhandleydo@myspace.com,Male,235.240.195.180
494,Arlen,Orr,aorrdp@a8.net,Female,65.35.4.126
495,Tasia,Nagle,tnagledq@prlog.org,Female,97.18.33.92
496,Harrison,Hairyes,hhairyesdr@apache.org,Male,80.27.248.232
497,Maryann,Haucke,mhauckeds@blog.com,Female,106.173.28.31
498,Kaia,LaBastida,klabastidadt@time.com,Female,198.101.28.213
499,Thorsten,Trusler,ttruslerdu@nymag.com,Male,181.151.37.80
500,Winona,Le Clercq,wleclercqdv@irs.gov,Female,185.178.165.100
501,Stephanie,Caddan,scaddandw@cdc.gov,Female,172.162.40.183
502,Keeley,MacKay,kmackaydx@youku.com,Female,58.43.90.200
503,Siana,Backhurst,sbackhurstdy@nps.gov,Female,150.247.247.143
504,Marlo,Nassy,mnassydz@eventbrite.com,Female,242.87.232.5
505,Hercules,Wigg,hwigge0@netscape.com,Male,238.227.205.118
506,Alden,Feldhammer,afeldhammere1@ycombinator.com,Male,58.99.148.142
507,Goddard,Vacher,gvachere2@delicious.com,Male,76.149.106.181
508,Melloney,Taplin,mtapline3@zdnet.com,Female,254.255.118.202
509,Dorey,Flavelle,dflavellee4@nsw.gov.au,Male,167.216.47.138
510,Madlin,Euesden,meuesdene5@weebly.com,Female,76.161.121.151
511,Bailie,Pollard,bpollarde6@ask.com,Male,169.198.103.129
512,Nester,Atyea,natyeae7@issuu.com,Male,123.158.1.200
513,Sosanna,Hurle,shurlee8@dmoz.org,Female,102.145.39.59
514,Hailee,Soigne,hsoignee9@japanpost.jp,Female,95.50.31.32
515,Warden,Goede,wgoedeea@businesswire.com,Male,171.186.223.32
516,Gothart,Roscrigg,groscriggeb@odnoklassniki.ru,Male,47.138.199.229
517,Isiahi,Treske,itreskeec@mapquest.com,Male,186.131.252.76
518,Toby,McElmurray,tmcelmurrayed@theguardian.com,Female,20.125.131.244
519,Bernette,Symones,bsymonesee@miitbeian.gov.cn,Female,144.130.22.161
520,Guillaume,Force,gforceef@addtoany.com,Male,34.70.78.95
521,Laverne,Brantl,lbrantleg@storify.com,Female,66.75.218.33
522,Tonia,Millthorpe,tmillthorpeeh@rambler.ru,Female,93.42.102.227
523,Stafford,Luten,slutenei@surveymonkey.com,Male,25.236.232.217
524,Winifield,Scrivner,wscrivnerej@intel.com,Male,237.47.225.69
525,Walliw,Riveles,wrivelesek@cdc.gov,Female,5.56.155.0
526,Egon,Clemmen,eclemmenel@ow.ly,Male,100.246.114.222
527,Briggs,Heinsen,bheinsenem@discovery.com,Male,166.157.90.106
528,Daven,Badrick,dbadricken@columbia.edu,Male,229.210.89.12
529,Donnamarie,Jenicke,djenickeeo@homestead.com,Female,2.233.236.244
530,Thibaud,Paal,tpaalep@ebay.com,Male,46.36.38.116
531,Royce,Perone,rperoneeq@exblog.jp,Male,10.51.154.17
532,Winfield,Cromleholme,wcromleholmeer@github.com,Male,226.160.77.143
533,Jemmy,Heckle,jhecklees@wired.com,Female,150.45.229.100
534,Linzy,Presland,lpreslandet@squidoo.com,Female,109.102.185.63
535,Padraig,Kerwin,pkerwineu@sun.com,Male,171.95.245.82
536,Sanson,Hazlewood,shazlewoodev@businessinsider.com,Male,87.208.220.233
537,Rosalinde,Gurton,rgurtonew@unesco.org,Female,200.115.127.189
538,Sherye,Yanuk,syanukex@example.com,Female,41.38.52.240
539,Ellis,Tombleson,etomblesoney@exblog.jp,Male,115.100.138.23
540,Clerc,Dark,cdarkez@drupal.org,Male,117.27.86.27
541,Wenonah,Leverette,wleverettef0@google.ru,Female,199.185.135.45
542,Kristan,Thurbon,kthurbonf1@ucoz.com,Female,26.117.11.60
543,Chandra,Bane,cbanef2@stanford.edu,Female,34.9.73.229
544,Retha,Januszewicz,rjanuszewiczf3@t.co,Female,69.25.114.184
545,Carolyn,Hussey,chusseyf4@time.com,Female,88.162.153.164
546,Emili,Tidbald,etidbaldf5@imgur.com,Female,100.109.232.238
547,Freeman,Standrin,fstandrinf6@shareasale.com,Male,247.184.249.2
548,Tymon,Legrice,tlegricef7@google.ca,Male,178.142.138.154
549,Nadine,Hebblewhite,nhebblewhitef8@hibu.com,Female,188.193.210.141
550,Franklin,Raven,fravenf9@amazon.co.uk,Male,43.160.105.6
551,Maitilde,Widdicombe,mwiddicombefa@nature.com,Female,207.177.72.104
552,Pet,Tudgay,ptudgayfb@discovery.com,Female,146.51.231.47
553,Lindon,Covell,lcovellfc@amazon.co.uk,Male,134.225.63.219
554,Deloria,Hambridge,dhambridgefd@rakuten.co.jp,Female,36.251.245.193
555,Annabella,Devo,adevofe@amazon.co.uk,Female,93.198.152.222
556,Inge,Dorracott,idorracottff@archive.org,Female,108.165.72.151
557,Lindsay,Pershouse,lpershousefg@webnode.com,Male,123.45.238.197
558,Durward,Mourton,dmourtonfh@symantec.com,Male,126.168.223.201
559,Gui,Duny,gdunyfi@domainmarket.com,Female,115.139.211.64
560,Locke,Branno,lbrannofj@smugmug.com,Male,65.109.12.51
561,Kat,Bealing,kbealingfk@vistaprint.com,Female,122.135.135.16
562,Benedicta,Keveren,bkeverenfl@dmoz.org,Female,154.48.253.94
563,Orelia,Smerdon,osmerdonfm@epa.gov,Female,234.108.124.26
564,Prince,Blastock,pblastockfn@bloglines.com,Male,151.251.24.168
565,Concordia,Rudge,crudgefo@usnews.com,Female,252.19.71.119
566,Vonny,Le-Good,vlegoodfp@home.pl,Female,114.83.51.2
567,Aurea,Mandrake,amandrakefq@scribd.com,Female,99.236.172.156
568,Essy,Itzhak,eitzhakfr@wikimedia.org,Female,194.140.112.86
569,Durante,Warburton,dwarburtonfs@1und1.de,Male,73.184.237.141
570,Clayborn,Eckels,ceckelsft@hexun.com,Male,136.108.196.6
571,Chloris,Hulmes,chulmesfu@is.gd,Female,32.121.16.22
572,Theodor,Giacomuzzi,tgiacomuzzifv@soup.io,Male,170.23.233.172
573,Cass,Simone,csimonefw@t-online.de,Male,221.158.111.111
574,Woodman,Priestner,wpriestnerfx@kickstarter.com,Male,24.195.149.40
575,Damian,Bouldon,dbouldonfy@ucla.edu,Male,115.240.174.236
576,Meade,Milksop,mmilksopfz@salon.com,Female,10.30.73.84
577,Fraze,Matteotti,fmatteottig0@hostgator.com,Male,14.201.252.249
578,Sampson,Erangey,serangeyg1@springer.com,Male,228.209.196.161
579,Lawrence,Brockton,lbrocktong2@printfriendly.com,Male,114.185.0.104
580,Madlin,Labet,mlabetg3@ucla.edu,Female,137.43.199.219
581,Nike,Rowesby,nrowesbyg4@parallels.com,Female,230.118.241.37
582,Franny,Fallow,ffallowg5@salon.com,Male,155.106.46.146
583,Debbie,Harewood,dharewoodg6@fema.gov,Female,118.181.248.46
584,Ann-marie,Ruperto,arupertog7@yale.edu,Female,3.180.125.95
585,Tabina,Faber,tfaberg8@indiatimes.com,Female,93.185.61.167
586,Randal,Warboys,rwarboysg9@bbb.org,Male,64.122.227.32
587,Aimil,Gorry,agorryga@homestead.com,Female,70.62.131.180
588,Edouard,Banat,ebanatgb@issuu.com,Male,158.159.59.167
589,Chrissie,Traylen,ctraylengc@disqus.com,Male,211.53.87.12
590,Geordie,Subhan,gsubhangd@dedecms.com,Male,208.107.134.202
591,Abba,Parsonage,aparsonagege@aol.com,Male,129.196.195.149
592,Pyotr,Slinn,pslinngf@howstuffworks.com,Male,167.222.173.183
593,Morten,Boak,mboakgg@dedecms.com,Male,90.69.160.64
594,Barnebas,Blackwood,bblackwoodgh@kickstarter.com,Male,124.51.108.34
595,Vania,Klimushev,vklimushevgi@123-reg.co.uk,Female,128.38.94.93
596,Lizette,Jaram,ljaramgj@google.co.uk,Female,77.142.108.222
597,Haven,Davidowich,hdavidowichgk@youku.com,Male,83.138.154.135
598,Nowell,Mergue,nmerguegl@ebay.co.uk,Male,222.168.38.230
599,Charline,MacRanald,cmacranaldgm@cmu.edu,Female,105.247.15.214
600,Harlin,Conen,hconengn@un.org,Male,199.131.36.186
601,Launce,Maltman,lmaltmango@timesonline.co.uk,Male,227.245.79.253
602,Delmar,Laban,dlabangp@163.com,Male,216.54.31.136
603,Aggie,Valeri,avalerigq@wunderground.com,Female,191.53.91.0
604,Ker,Brimble,kbrimblegr@acquirethisname.com,Male,143.173.204.234
605,April,Oles,aolesgs@google.nl,Female,177.165.219.109
606,Lucky,Cattell,lcattellgt@nba.com,Female,110.243.109.131
607,Lawton,Treby,ltrebygu@dell.com,Male,193.121.118.18
608,Orton,Raynham,oraynhamgv@360.cn,Male,197.129.156.42
609,Allyn,Lyon,alyongw@e-recht24.de,Male,209.187.74.67
610,Caroline,Stellino,cstellinogx@mysql.com,Female,252.187.250.115
611,Caddric,McIlmorow,cmcilmorowgy@icio.us,Male,21.191.184.123
612,Chevalier,Benesevich,cbenesevichgz@chron.com,Male,232.164.45.152
613,Tabby,Duffield,tduffieldh0@ifeng.com,Male,123.154.147.59
614,Elvera,Couche,ecoucheh1@flavors.me,Female,134.15.229.38
615,Keriann,Bullivent,kbulliventh2@nytimes.com,Female,59.161.186.21
616,Willdon,Belt,wbelth3@nasa.gov,Male,17.28.76.191
617,Alex,Sarl,asarlh4@mozilla.org,Female,133.69.19.36
618,Kasper,Iskowicz,kiskowiczh5@topsy.com,Male,64.114.131.7
619,Sande,Gillott,sgillotth6@fotki.com,Female,247.232.87.108
620,Cristobal,Farres,cfarresh7@so-net.ne.jp,Male,187.185.245.141
621,Rhodia,Riccardo,rriccardoh8@fda.gov,Female,57.185.152.153
622,Elisabetta,Rennix,erennixh9@hatena.ne.jp,Female,13.237.162.95
623,Babbette,McGarvie,bmcgarvieha@ucla.edu,Female,59.8.80.161
624,Adah,Dusting,adustinghb@ibm.com,Female,78.242.219.32
625,Keen,Meharry,kmeharryhc@devhub.com,Male,112.110.32.216
626,Ronald,Alliott,ralliotthd@nydailynews.com,Male,68.157.157.63
627,Rainer,Pozzo,rpozzohe@sohu.com,Male,111.36.53.40
628,Sibylle,Hehnke,shehnkehf@github.io,Female,49.1.222.94
629,Neysa,Barneveld,nbarneveldhg@japanpost.jp,Female,111.81.74.6
630,Harv,Courvert,hcourverthh@behance.net,Male,200.163.200.219
631,Hilly,Denisovich,hdenisovichhi@tmall.com,Male,85.217.242.111
632,Carolus,Wicklin,cwicklinhj@deliciousdays.com,Male,211.145.6.31
633,Hervey,Swate,hswatehk@google.nl,Male,35.247.214.244
634,Caren,Gait,cgaithl@indiegogo.com,Female,208.248.181.217
635,Pier,Dearle,pdearlehm@mit.edu,Female,131.255.195.227
636,Garret,Bassam,gbassamhn@techcrunch.com,Male,108.220.23.149
637,Derry,Witsey,dwitseyho@cloudflare.com,Male,212.38.25.205
638,Audrye,Pessler,apesslerhp@opera.com,Female,32.73.252.221
639,Brice,O'Lynn,bolynnhq@mysql.com,Male,116.254.28.215
640,Renelle,Shuttleworth,rshuttleworthhr@privacy.gov.au,Female,186.142.204.13
641,Clemens,Notti,cnottihs@github.com,Male,36.25.115.105
642,Elvina,Mulhall,emulhallht@ibm.com,Female,195.250.103.182
643,Andrus,Forgan,aforganhu@printfriendly.com,Male,89.220.204.134
644,Broddy,Gewer,bgewerhv@samsung.com,Male,108.184.35.221
645,Roxana,Donaldson,rdonaldsonhw@hhs.gov,Female,202.62.39.170
646,Kora,Adanez,kadanezhx@youtu.be,Female,21.142.223.53
647,Benedicto,Hebborn,bhebbornhy@twitter.com,Male,92.179.191.50
648,Benn,Wiggett,bwiggetthz@washingtonpost.com,Male,82.184.35.249
649,Adoree,Osband,aosbandi0@blogtalkradio.com,Female,204.107.228.251
650,Austen,Schwandermann,aschwandermanni1@360.cn,Male,38.122.106.12
651,Aldous,Danigel,adanigeli2@dailymotion.com,Male,113.236.226.191
652,Dillie,Bahike,dbahikei3@state.tx.us,Male,215.5.4.169
653,Sandy,Brisseau,sbrisseaui4@ucla.edu,Female,200.34.75.59
654,Susanna,Disman,sdismani5@mtv.com,Female,136.133.120.19
655,Lewie,Govenlock,lgovenlocki6@paginegialle.it,Male,98.11.172.152
656,Blayne,Cowlin,bcowlini7@hostgator.com,Male,78.122.180.204
657,Amber,Alldis,aalldisi8@dell.com,Female,47.82.0.110
658,Daphene,Richardes,drichardesi9@twitpic.com,Female,154.140.230.32
659,Idalia,Drei,idreiia@free.fr,Female,223.206.95.14
660,Ave,Brittian,abrittianib@google.com.au,Male,108.45.100.100
661,Lorilyn,Blindmann,lblindmannic@rediff.com,Female,163.93.27.152
662,Jae,Shepley,jshepleyid@arstechnica.com,Male,202.96.51.75
663,Den,Kinny,dkinnyie@yahoo.co.jp,Male,247.149.144.37
664,Archibaldo,Bindley,abindleyif@chron.com,Male,147.45.150.21
665,Leopold,Vasser,lvasserig@china.com.cn,Male,31.208.112.179
666,Sena,Boodle,sboodleih@fema.gov,Female,42.239.149.168
667,Cayla,Peiser,cpeiserii@multiply.com,Female,109.183.166.57
668,Hetty,Etienne,hetienneij@census.gov,Female,39.168.241.192
669,Ilka,Elvidge,ielvidgeik@umich.edu,Female,16.249.7.234
670,Saxon,Doran,sdoranil@theatlantic.com,Male,237.79.111.232
671,Sandye,Chawner,schawnerim@networkadvertising.org,Female,255.70.6.190
672,Perri,Agates,pagatesin@sphinn.com,Female,136.129.196.196
673,Enos,Ellcome,eellcomeio@trellian.com,Male,97.90.93.240
674,Lorens,Gannaway,lgannawayip@soundcloud.com,Male,111.204.139.114
675,Deina,Berrigan,dberriganiq@mapy.cz,Female,71.110.119.247
676,Orsola,Dresse,odresseir@photobucket.com,Female,180.229.130.16
677,Abra,Fagg,afaggis@squarespace.com,Female,61.233.221.95
678,Sharline,Harcombe,sharcombeit@state.gov,Female,213.152.248.204
679,Fan,Merck,fmerckiu@hhs.gov,Female,207.186.243.121
680,Dena,Kerfut,dkerfutiv@alibaba.com,Female,192.229.54.52
681,Drugi,McKennan,dmckennaniw@myspace.com,Male,189.33.99.3
682,Friederike,Finci,ffinciix@adobe.com,Female,196.112.140.184
683,Lilli,Filpo,lfilpoiy@sphinn.com,Female,29.232.210.241
684,Arlette,Goodlad,agoodladiz@vkontakte.ru,Female,36.183.93.14
685,Pearce,Kliemke,pkliemkej0@hexun.com,Male,117.53.3.66
686,Mersey,Gyles,mgylesj1@state.tx.us,Female,23.240.218.253
687,Alistair,Crotch,acrotchj2@loc.gov,Male,236.190.131.91
688,Ninon,Routh,nrouthj3@samsung.com,Female,191.128.103.236
689,Wilhelmina,Ganley,wganleyj4@theglobeandmail.com,Female,178.197.123.144
690,Dulciana,Nequest,dnequestj5@china.com.cn,Female,213.187.213.172
691,Shelley,Iwanczyk,siwanczykj6@wikipedia.org,Male,33.15.143.80
692,Lynde,Warbys,lwarbysj7@nhs.uk,Female,206.42.111.133
693,Raynor,Selley,rselleyj8@ifeng.com,Male,71.18.137.114
694,Con,Crossley,ccrossleyj9@scribd.com,Male,221.106.205.220
695,Worthy,Seckom,wseckomja@wufoo.com,Male,160.106.204.109
696,Nertie,Jamot,njamotjb@woothemes.com,Female,163.169.248.20
697,Gusella,Ranald,granaldjc@stumbleupon.com,Female,15.77.135.72
698,Brandy,Sleaford,bsleafordjd@photobucket.com,Female,193.107.164.89
699,Erie,Petrus,epetrusje@berkeley.edu,Male,125.214.69.134
700,Hazel,Uman,humanjf@chicagotribune.com,Female,179.123.202.134
701,Jaquith,Theobalds,jtheobaldsjg@drupal.org,Female,148.197.97.41
702,Lilli,Goodman,lgoodmanjh@vkontakte.ru,Female,41.111.172.29
703,Kiersten,Keer,kkeerji@mtv.com,Female,59.239.104.67
704,Jacynth,Kleinlerer,jkleinlererjj@ow.ly,Female,199.252.221.199
705,Liesa,Seakin,lseakinjk@unc.edu,Female,163.32.153.249
706,Hermon,Yellowlee,hyellowleejl@sciencedirect.com,Male,90.174.198.193
707,Franklin,Collihole,fcolliholejm@google.it,Male,123.58.31.26
708,Spencer,Naulls,snaullsjn@tamu.edu,Male,48.121.202.160
709,Kylen,Ellerman,kellermanjo@tripod.com,Female,33.160.173.112
710,Burty,Urry,burryjp@usatoday.com,Male,226.193.212.20
711,Glynis,Lezemere,glezemerejq@paypal.com,Female,220.92.91.228
712,Deedee,Dagg,ddaggjr@cnbc.com,Female,242.215.103.94
713,Glenine,Leupold,gleupoldjs@alexa.com,Female,229.229.133.204
714,Clementius,Attrill,cattrilljt@zimbio.com,Male,85.136.146.74
715,Lauree,Probbings,lprobbingsju@netlog.com,Female,76.83.23.51
716,Don,Jepp,djeppjv@businesswire.com,Male,27.26.85.126
717,Myrna,Pennetta,mpennettajw@harvard.edu,Female,27.148.155.81
718,Van,Jaulme,vjaulmejx@illinois.edu,Male,128.161.33.220
719,Seana,Kern,skernjy@reuters.com,Female,206.58.223.122
720,Kordula,Adrianello,kadrianellojz@nps.gov,Female,228.212.41.85
721,Keri,Fydoe,kfydoek0@nymag.com,Female,145.250.69.170
722,Millard,Lawrinson,mlawrinsonk1@europa.eu,Male,5.156.145.162
723,Myranda,Losano,mlosanok2@wordpress.com,Female,99.101.185.233
724,Matteo,Feldmark,mfeldmarkk3@icio.us,Male,193.9.109.224
725,Hermia,Deener,hdeenerk4@google.com.br,Female,70.242.144.89
726,Bee,Seres,bseresk5@fc2.com,Female,101.143.21.241
727,Gustavo,Blencoe,gblencoek6@macromedia.com,Male,138.57.86.20
728,Deni,Fillery,dfilleryk7@ustream.tv,Female,99.140.149.109
729,Kerianne,Stango,kstangok8@tripadvisor.com,Female,52.139.86.232
730,Lennie,De Maria,ldemariak9@free.fr,Male,127.209.53.53
731,Margarita,Martinie,mmartinieka@miitbeian.gov.cn,Female,149.188.57.211
732,Bryan,Vedenyakin,bvedenyakinkb@unc.edu,Male,174.8.55.251
733,Baird,Harrinson,bharrinsonkc@purevolume.com,Male,29.19.178.95
734,Avigdor,Artharg,aarthargkd@deliciousdays.com,Male,214.23.189.20
735,Ansell,Roll,arollke@stanford.edu,Male,1.79.37.131
736,Catarina,Cloonan,ccloonankf@parallels.com,Female,179.38.127.203
737,Nevin,Kinset,nkinsetkg@biblegateway.com,Male,93.87.208.205
738,Harrietta,Russon,hrussonkh@youtu.be,Female,110.117.193.143
739,Silvano,Cunah,scunahki@indiegogo.com,Male,248.225.255.230
740,Cosimo,Motte,cmottekj@wikia.com,Male,53.49.168.214
741,Tanhya,Swanbourne,tswanbournekk@state.gov,Female,18.150.203.230
742,Bertie,Meininking,bmeininkingkl@army.mil,Male,69.54.152.74
743,Shannon,Bedwell,sbedwellkm@apache.org,Male,4.94.3.119
744,Tiebout,Delmage,tdelmagekn@bandcamp.com,Male,189.58.143.28
745,Amalle,Dufton,aduftonko@cocolog-nifty.com,Female,34.198.181.217
746,Madelle,Overbury,moverburykp@unblog.fr,Female,205.163.140.89
747,Candida,Bold,cboldkq@github.com,Female,128.203.6.94
748,Aristotle,Balentyne,abalentynekr@ox.ac.uk,Male,81.137.19.126
749,Hillel,Halifax,hhalifaxks@netlog.com,Male,137.248.149.80
750,Tim,Haswell,thaswellkt@huffingtonpost.com,Male,29.210.199.106
751,Benni,Grosvenor,bgrosvenorku@topsy.com,Female,18.225.50.149
752,Jemie,Bolter,jbolterkv@telegraph.co.uk,Female,133.210.43.216
753,Pia,Goodband,pgoodbandkw@furl.net,Female,131.41.48.125
754,Kessia,Feldman,kfeldmankx@odnoklassniki.ru,Female,56.97.115.108
755,Waly,Stuckford,wstuckfordky@ustream.tv,Female,103.127.92.190
756,Matti,Godden,mgoddenkz@free.fr,Female,141.34.135.147
757,Nilson,Pashe,npashel0@nydailynews.com,Male,246.146.156.225
758,Jule,Henfre,jhenfrel1@dailymail.co.uk,Male,108.107.164.137
759,Carol-jean,Hadlow,chadlowl2@w3.org,Female,114.121.214.229
760,Fannie,Miskelly,fmiskellyl3@umich.edu,Female,207.5.118.232
761,Millisent,Pettengell,mpettengelll4@quantcast.com,Female,147.209.11.50
762,Abba,Coarser,acoarserl5@microsoft.com,Male,163.244.76.17
763,Hillary,Arnholdt,harnholdtl6@prweb.com,Male,14.25.111.100
764,Winona,Gaughan,wgaughanl7@vinaora.com,Female,57.173.18.102
765,Desmond,Bath,dbathl8@psu.edu,Male,84.29.59.155
766,Nathan,Cartmale,ncartmalel9@domainmarket.com,Male,95.140.88.203
767,Dorothee,Jancso,djancsola@narod.ru,Female,11.243.129.78
768,Davis,Gomer,dgomerlb@telegraph.co.uk,Male,94.98.178.72
769,Oona,Cromly,ocromlylc@bloomberg.com,Female,96.130.172.58
770,Tina,Bredgeland,tbredgelandld@ning.com,Female,165.90.105.165
771,Curry,Bear,cbearle@gizmodo.com,Male,252.16.193.132
772,Boone,Nassy,bnassylf@google.cn,Male,106.20.130.25
773,Dylan,Primmer,dprimmerlg@newyorker.com,Male,213.180.243.78
774,Juliet,Giacoboni,jgiacobonilh@scribd.com,Female,95.143.165.204
775,Giorgi,Moret,gmoretli@slashdot.org,Male,248.168.107.184
776,Laural,Sarney,lsarneylj@fotki.com,Female,81.147.57.128
777,Dierdre,Dand,ddandlk@goo.gl,Female,190.73.184.220
778,Ralina,Heys,rheysll@yelp.com,Female,60.252.124.24
779,Dimitri,Ghest,dghestlm@uiuc.edu,Male,168.6.233.227
780,Juliana,Longstreet,jlongstreetln@deviantart.com,Female,48.203.108.23
781,Ester,Gready,egreadylo@sfgate.com,Female,25.246.59.7
782,Damara,Pressman,dpressmanlp@washington.edu,Female,152.95.109.246
783,Doralia,Hurdle,dhurdlelq@ezinearticles.com,Female,95.96.138.250
784,Berri,Brumpton,bbrumptonlr@w3.org,Female,136.156.160.125
785,Rozanna,Hansill,rhansillls@mysql.com,Female,135.182.228.47
786,Ardisj,Shapiro,ashapirolt@edublogs.org,Female,85.138.175.177
787,Agace,Cayet,acayetlu@java.com,Female,108.163.178.157
788,Rutledge,Queyos,rqueyoslv@printfriendly.com,Male,48.43.42.80
789,Will,Penswick,wpenswicklw@scientificamerican.com,Male,46.240.217.25
790,Jojo,Ivatts,jivattslx@examiner.com,Female,41.185.104.54
791,Ilsa,Seaborne,iseabornely@example.com,Female,147.11.182.83
792,Dukey,Templman,dtemplmanlz@nydailynews.com,Male,80.21.232.159
793,Larissa,Copelli,lcopellim0@mozilla.org,Female,152.86.128.135
794,Petra,Ducker,pduckerm1@geocities.jp,Female,191.253.233.246
795,Loren,Cocher,lcocherm2@imdb.com,Female,184.255.239.10
796,Hildagarde,Overland,hoverlandm3@moonfruit.com,Female,104.205.72.228
797,Simona,Maltby,smaltbym4@unc.edu,Female,237.67.223.3
798,Wat,D'Aubney,wdaubneym5@google.cn,Male,246.162.69.246
799,Maisey,Beacham,mbeachamm6@umn.edu,Female,223.10.62.159
800,Issie,Larmett,ilarmettm7@unblog.fr,Female,130.17.232.222
801,Shae,Jannasch,sjannaschm8@biglobe.ne.jp,Female,162.149.16.119
802,Lissi,Kabisch,lkabischm9@bandcamp.com,Female,239.99.23.147
803,Eyde,Tumelty,etumeltyma@mozilla.com,Female,30.25.116.241
804,Maegan,Stock,mstockmb@drupal.org,Female,114.184.21.105
805,Romeo,Starie,rstariemc@ustream.tv,Male,9.91.234.183
806,Ulises,Breen,ubreenmd@nature.com,Male,222.182.8.61
807,Stinky,Carolan,scarolanme@arstechnica.com,Male,143.58.138.100
808,Milt,Snoxell,msnoxellmf@wisc.edu,Male,141.191.36.109
809,Baird,Garroch,bgarrochmg@narod.ru,Male,199.51.202.102
810,Salem,Iskowicz,siskowiczmh@dell.com,Male,174.74.47.99
811,Corbin,Andrichak,candrichakmi@ebay.com,Male,147.224.117.153
812,Birgitta,Demke,bdemkemj@icio.us,Female,161.175.181.143
813,Jillian,McCreedy,jmccreedymk@liveinternet.ru,Female,114.228.243.131
814,Marijo,McCarthy,mmccarthyml@gov.uk,Female,1.218.3.125
815,Graham,Swadden,gswaddenmm@trellian.com,Male,79.108.116.165
816,Vern,Durman,vdurmanmn@reuters.com,Male,135.228.198.201
817,Nickolaus,Dummett,ndummettmo@va.gov,Male,11.252.98.62
818,Charil,Badgers,cbadgersmp@wiley.com,Female,225.102.83.133
819,Adrianna,Gerardeaux,agerardeauxmq@blogtalkradio.com,Female,6.30.230.129
820,Harvey,Dureden,hduredenmr@loc.gov,Male,174.41.69.153
821,Hamlen,Pauletti,hpaulettims@csmonitor.com,Male,231.163.207.88
822,Adeline,McPhillips,amcphillipsmt@github.io,Female,242.69.234.29
823,Shela,Gorham,sgorhammu@hostgator.com,Female,48.148.110.80
824,Ahmad,Harome,aharomemv@geocities.jp,Male,44.133.251.130
825,Myer,Meineking,mmeinekingmw@sun.com,Male,36.65.192.215
826,Donall,Earley,dearleymx@icq.com,Male,134.111.141.236
827,Jacquenetta,Alflatt,jalflattmy@goo.ne.jp,Female,248.129.28.19
828,Felic,Stokey,fstokeymz@tamu.edu,Male,200.168.247.94
829,Lyndy,Murdy,lmurdyn0@chron.com,Female,1.54.159.231
830,Averil,Strognell,astrognelln1@is.gd,Female,219.4.199.59
831,Tallia,O'Gormley,togormleyn2@amazonaws.com,Female,254.105.225.97
832,Thorny,Lindegard,tlindegardn3@msn.com,Male,84.205.52.120
833,Smitty,Woodwind,swoodwindn4@diigo.com,Male,114.162.97.132
834,Antonius,Billingsly,abillingslyn5@foxnews.com,Male,43.75.57.241
835,Ashien,Twitchings,atwitchingsn6@foxnews.com,Female,38.243.178.114
836,Padget,Neame,pneamen7@soup.io,Male,140.48.41.231
837,Baillie,Bearne,bbearnen8@hibu.com,Male,187.61.71.215
838,Emma,Laible,elaiblen9@microsoft.com,Female,94.168.32.2
839,Sarah,Jedrych,sjedrychna@storify.com,Female,87.54.44.59
840,Tine,Hendriks,thendriksnb@cargocollective.com,Female,78.124.122.35
841,Nanette,Chezelle,nchezellenc@arstechnica.com,Female,20.59.17.220
842,Marius,Thomsen,mthomsennd@latimes.com,Male,203.242.104.179
843,Otto,Pavelka,opavelkane@dmoz.org,Male,38.181.234.16
844,Sheffy,Sofe,ssofenf@edublogs.org,Male,14.105.10.225
845,Vanni,Furminger,vfurmingerng@php.net,Female,218.182.202.122
846,Sinclare,Renard,srenardnh@google.es,Male,247.137.207.5
847,Liza,Gaunson,lgaunsonni@geocities.jp,Female,109.8.247.210
848,Britta,Vettore,bvettorenj@yellowbook.com,Female,1.244.77.106
849,Sanders,Norcock,snorcocknk@meetup.com,Male,205.182.242.106
850,Joli,Constant,jconstantnl@pen.io,Female,129.28.112.80
851,Vittoria,Ros,vrosnm@senate.gov,Female,158.84.157.216
852,Eileen,Gleasane,egleasanenn@sitemeter.com,Female,85.128.61.102
853,Lockwood,Skelding,lskeldingno@berkeley.edu,Male,158.46.108.132
854,Pryce,Emptage,pemptagenp@constantcontact.com,Male,241.105.203.219
855,Heindrick,Collinwood,hcollinwoodnq@w3.org,Male,177.211.229.93
856,Hattie,Wareham,hwarehamnr@theguardian.com,Female,188.146.112.43
857,Cahra,Ninnis,cninnisns@goo.gl,Female,238.221.77.178
858,Adams,Phinnessy,aphinnessynt@eventbrite.com,Male,182.110.29.9
859,Bernardo,Vickar,bvickarnu@go.com,Male,7.98.72.18
860,Richmond,McAviy,rmcaviynv@mysql.com,Male,228.120.158.254
861,Charmian,Vandrill,cvandrillnw@wufoo.com,Female,235.246.18.207
862,Gwendolin,Squires,gsquiresnx@va.gov,Female,243.79.150.43
863,Abra,Leggett,aleggettny@pagesperso-orange.fr,Female,213.72.63.32
864,Jean,Durdan,jdurdannz@seesaa.net,Male,161.146.187.160
865,Bertrand,Binks,bbinkso0@tripod.com,Male,101.101.254.183
866,Candice,Burle,cburleo1@xing.com,Female,19.162.23.241
867,Katee,Flicker,kflickero2@mayoclinic.com,Female,251.35.112.110
868,Lefty,Cicchetto,lcicchettoo3@digg.com,Male,155.77.123.92
869,Thatch,Westell,twestello4@google.com.au,Male,247.79.113.141
870,Lester,Kitcatt,lkitcatto5@google.nl,Male,127.6.52.176
871,Cyndia,O' Byrne,cobyrneo6@weebly.com,Female,241.227.230.157
872,Ellery,Franzotto,efranzottoo7@wunderground.com,Male,177.193.69.52
873,Hilary,Buffey,hbuffeyo8@hugedomains.com,Female,161.147.250.110
874,Richmound,Gresley,rgresleyo9@indiegogo.com,Male,251.16.224.10
875,Raimund,Halladay,rhalladayoa@un.org,Male,181.210.166.57
876,Tamera,Byles,tbylesob@wufoo.com,Female,142.77.101.160
877,Jean,Normanvill,jnormanvilloc@cisco.com,Male,219.119.83.145
878,Sholom,Lummis,slummisod@dion.ne.jp,Male,125.22.239.18
879,Baudoin,Drayson,bdraysonoe@auda.org.au,Male,191.203.227.145
880,Abey,Blamey,ablameyof@stumbleupon.com,Male,223.122.193.139
881,Rutledge,Riddoch,rriddochog@adobe.com,Male,255.234.3.213
882,Julie,Johnston,jjohnstonoh@illinois.edu,Male,39.115.170.123
883,Lory,Pitford,lpitfordoi@list-manage.com,Female,207.192.132.69
884,Allissa,Piercy,apiercyoj@google.ca,Female,6.160.139.91
885,Vidovik,Brockelsby,vbrockelsbyok@shinystat.com,Male,73.76.133.176
886,Garv,Evetts,gevettsol@webnode.com,Male,24.2.117.3
887,Jose,Spohr,jspohrom@wix.com,Male,115.40.46.182
888,Kimbell,Frankham,kfrankhamon@addthis.com,Male,171.36.38.47
889,Fiorenze,Merchant,fmerchantoo@facebook.com,Female,137.1.129.157
890,Farica,Buckeridge,fbuckeridgeop@miitbeian.gov.cn,Female,186.25.230.168
891,Eugenie,Saul,esauloq@google.ru,Female,170.239.161.89
892,Raychel,Messier,rmessieror@newyorker.com,Female,210.209.136.156
893,Will,Denyer,wdenyeros@bbb.org,Male,127.4.65.152
894,Nolly,Gidden,ngiddenot@toplist.cz,Male,140.213.121.59
895,Natividad,Hache,nhacheou@walmart.com,Female,132.153.100.1
896,Brandise,Halfpenny,bhalfpennyov@state.gov,Female,239.173.41.172
897,Raye,Adlem,radlemow@pen.io,Female,154.55.108.249
898,Aguie,Velareal,avelarealox@boston.com,Male,5.15.34.68
899,Cornelle,Malley,cmalleyoy@google.nl,Female,194.34.84.58
900,Bertie,Payze,bpayzeoz@usa.gov,Male,250.185.8.174
901,Stephenie,Jopke,sjopkep0@indiegogo.com,Female,204.108.154.167
902,Jyoti,Newarte,jnewartep1@google.com.hk,Female,254.36.107.81
903,Hayden,Acom,hacomp2@spotify.com,Male,207.233.98.218
904,Clotilda,Gooder,cgooderp3@mayoclinic.com,Female,5.34.163.180
905,Humberto,O'Moylan,homoylanp4@blog.com,Male,23.53.123.23
906,Kendall,Segot,ksegotp5@exblog.jp,Male,112.6.130.146
907,Nobie,Consadine,nconsadinep6@360.cn,Male,192.225.144.165
908,Otis,Marple,omarplep7@usatoday.com,Male,226.36.201.57
909,Aymer,Athow,aathowp8@delicious.com,Male,27.176.242.234
910,Brit,Fante,bfantep9@hud.gov,Male,167.212.195.146
911,Roland,Wingatt,rwingattpa@liveinternet.ru,Male,236.197.91.33
912,Caralie,Pinnocke,cpinnockepb@sina.com.cn,Female,80.62.209.106
913,Alfreda,Chasen,achasenpc@wired.com,Female,183.2.207.64
914,Sidnee,Bullier,sbullierpd@examiner.com,Male,57.241.50.194
915,Darda,Rose,drosepe@aboutads.info,Female,129.219.238.199
916,West,Livingston,wlivingstonpf@cnn.com,Male,130.141.172.86
917,Hewet,MacQuarrie,hmacquarriepg@businessinsider.com,Male,95.117.74.42
918,Genna,Sjollema,gsjollemaph@fc2.com,Female,171.210.6.29
919,Dallon,Lidstone,dlidstonepi@google.nl,Male,77.189.122.80
920,Aloysius,Milroy,amilroypj@macromedia.com,Male,42.127.192.76
921,Nat,Edds,neddspk@soundcloud.com,Male,46.104.45.146
922,Tait,Dugget,tduggetpl@census.gov,Male,82.176.102.216
923,Cam,Postans,cpostanspm@histats.com,Male,96.208.89.33
924,Janeen,Stuckley,jstuckleypn@facebook.com,Female,208.2.39.217
925,Ki,Squibbes,ksquibbespo@google.com.br,Female,180.43.168.25
926,Eba,Finker,efinkerpp@samsung.com,Female,199.125.214.22
927,Whitney,Fawks,wfawkspq@i2i.jp,Female,28.10.165.222
928,Neala,Stickels,nstickelspr@psu.edu,Female,75.36.128.66
929,Hyacinthia,Capstack,hcapstackps@fc2.com,Female,200.194.78.145
930,Berget,Jenicek,bjenicekpt@yahoo.com,Female,13.34.116.160
931,Katha,Greenless,kgreenlesspu@ebay.com,Female,91.48.76.180
932,Pinchas,Garnul,pgarnulpv@amazon.co.uk,Male,37.153.33.110
933,Margaretta,Paler,mpalerpw@plala.or.jp,Female,27.143.33.25
934,Kahaleel,Hudspeth,khudspethpx@diigo.com,Male,5.93.120.216
935,Bogart,Gurner,bgurnerpy@amazon.co.uk,Male,169.253.203.151
936,Constance,Lewendon,clewendonpz@goodreads.com,Female,230.17.49.66
937,Jdavie,Lade,jladeq0@smugmug.com,Male,166.142.162.178
938,Sharron,Farden,sfardenq1@youku.com,Female,156.136.255.77
939,Amity,Ciccone,acicconeq2@google.de,Female,205.57.251.3
940,Jelene,O' Donohue,jodonohueq3@gmpg.org,Female,121.154.106.80
941,Lila,Feighney,lfeighneyq4@nhs.uk,Female,213.217.70.84
942,Becky,Hawksley,bhawksleyq5@yellowpages.com,Female,172.178.44.37
943,Bendick,Cestard,bcestardq6@auda.org.au,Male,253.170.237.111
944,Aldus,Sansome,asansomeq7@gnu.org,Male,34.234.37.73
945,Cornela,Nancarrow,cnancarrowq8@shop-pro.jp,Female,5.61.128.196
946,Anderea,Titmarsh,atitmarshq9@shop-pro.jp,Female,239.22.139.73
947,Tonya,Skelhorn,tskelhornqa@amazon.co.uk,Female,123.29.18.96
948,Kathryn,Simonyi,ksimonyiqb@dell.com,Female,154.221.17.18
949,Gardy,Harse,gharseqc@tinypic.com,Male,96.238.163.102
950,Harvey,O'Regan,horeganqd@printfriendly.com,Male,182.114.227.118
951,Nahum,Charkham,ncharkhamqe@xrea.com,Male,2.196.15.200
952,Rhianna,Tapenden,rtapendenqf@cam.ac.uk,Female,148.228.47.30
953,Royce,Dinnington,rdinningtonqg@rakuten.co.jp,Male,203.58.35.250
954,Gael,Aizkovitch,gaizkovitchqh@biglobe.ne.jp,Female,254.73.8.174
955,Laurella,Sorrie,lsorrieqi@shareasale.com,Female,211.26.216.231
956,Ingrim,Halward,ihalwardqj@abc.net.au,Male,93.237.57.66
957,Gary,Gentil,ggentilqk@irs.gov,Male,247.201.237.124
958,Hewet,Tatton,htattonql@vistaprint.com,Male,155.38.215.23
959,Pierrette,Townsend,ptownsendqm@rakuten.co.jp,Female,209.210.159.184
960,Kimberli,Killner,kkillnerqn@epa.gov,Female,66.214.7.152
961,Giovanna,McKilroe,gmckilroeqo@bing.com,Female,180.62.230.84
962,Hyacintha,Linnemann,hlinnemannqp@xinhuanet.com,Female,236.6.164.132
963,Harry,Jowett,hjowettqq@amazon.co.uk,Male,233.17.84.184
964,Lolita,Magog,lmagogqr@ed.gov,Female,228.209.190.246
965,Danyette,Tomowicz,dtomowiczqs@digg.com,Female,6.112.161.93
966,Jewelle,Nowak,jnowakqt@tripod.com,Female,8.249.248.137
967,Wolfgang,Whittington,wwhittingtonqu@go.com,Male,29.141.161.56
968,Leta,Crowley,lcrowleyqv@fema.gov,Female,157.205.251.253
969,Dorita,Treasaden,dtreasadenqw@arstechnica.com,Female,191.102.122.209
970,Nara,Goozee,ngoozeeqx@amazon.co.uk,Female,22.178.152.238
971,Daisy,Alldred,dalldredqy@de.vu,Female,86.173.88.50
972,Nikkie,Arthey,nartheyqz@seattletimes.com,Female,49.120.181.207
973,Freda,Richemont,frichemontr0@eventbrite.com,Female,4.174.10.207
974,Sybilla,McCleary,smcclearyr1@e-recht24.de,Female,71.231.114.209
975,Dalenna,Badland,dbadlandr2@chicagotribune.com,Female,241.135.77.51
976,Raimondo,Bartczak,rbartczakr3@e-recht24.de,Male,89.94.131.178
977,Aguste,Peeter,apeeterr4@histats.com,Male,94.18.13.197
978,Arleen,Toth,atothr5@myspace.com,Female,79.219.93.105
979,Elinore,Partener,epartenerr6@com.com,Female,73.21.213.189
980,Polly,Telezhkin,ptelezhkinr7@imageshack.us,Female,174.211.161.201
981,Celia,Jannex,cjannexr8@list-manage.com,Female,151.227.152.118
982,Dallas,Serrurier,dserrurierr9@flavors.me,Female,112.139.126.58
983,Briant,Sappell,bsappellra@nbcnews.com,Male,181.154.28.159
984,Vanessa,Armsden,varmsdenrb@cisco.com,Female,144.22.141.92
985,Radcliffe,Reace,rreacerc@foxnews.com,Male,248.11.167.211
986,Rube,Daintrey,rdaintreyrd@studiopress.com,Male,125.124.163.6
987,Clywd,Mogenot,cmogenotre@narod.ru,Male,250.152.93.128
988,Shalom,Featherstonehaugh,sfeatherstonehaughrf@businessweek.com,Male,106.169.202.85
989,Fey,Zoephel,fzoephelrg@smugmug.com,Female,99.87.224.204
990,Ludvig,Gurney,lgurneyrh@tripadvisor.com,Male,4.47.238.93
991,Mandel,Boteman,mbotemanri@craigslist.org,Male,244.174.117.240
992,Gil,Scouse,gscouserj@nymag.com,Male,20.102.34.29
993,Norby,McMurraya,nmcmurrayark@163.com,Male,155.68.70.248
994,Malva,Dooler,mdoolerrl@si.edu,Female,33.116.34.90
995,Godwin,Swanborrow,gswanborrowrm@facebook.com,Male,211.223.42.71
996,Rosaleen,Joselevitz,rjoselevitzrn@sciencedirect.com,Female,2.250.139.194
997,Silvio,Borrow,sborrowro@businessinsider.com,Male,63.124.124.177
998,Wit,Gorhardt,wgorhardtrp@hhs.gov,Male,106.133.234.15
999,Jeffy,Abramov,jabramovrq@theglobeandmail.com,Male,148.230.185.54
1000,Launce,Newstead,lnewsteadrr@reference.com,Male,152.146.26.82
